{
  "trained_on": "2026-05-18",
  "trained_with": "Modal T4 (image im-OEdJLDNYyL5xvikxTpJ5Sq)",
  "torch_version": "2.12.0+cu130",
  "modal_app": "deep-finance-train-deeplob",
  "arch": "CNN1",
  "dataset": "FI-2010",
  "setup": 2,
  "k": 10,
  "n_classes": 3,
  "data_range": {
    "train_days": [
      0
    ],
    "test_days": [
      8,
      9,
      10
    ]
  },
  "hyperparameters": {
    "lookback": 100,
    "batch_size": 64,
    "lr": 0.001,
    "epochs_trained": 100,
    "patience": 10,
    "min_delta": 0.001
  },
  "final_metrics": {
    "val_loss": 0.7039432558582057,
    "test_accuracy": 0.7792934115400355,
    "test_precision_macro": 0.6622973717602078,
    "test_recall_macro": 0.5557764982305962,
    "test_f1_macro": 0.5850682232183548,
    "confusion_matrix": [
      [
        6305,
        10395,
        4354
      ],
      [
        1386,
        94110,
        3037
      ],
      [
        2215,
        9355,
        8132
      ]
    ]
  },
  "git_commit": ""
}