{
  "trained_on": "2026-05-18",
  "trained_with": "Modal T4 (image im-OEdJLDNYyL5xvikxTpJ5Sq)",
  "torch_version": "2.12.0+cu130",
  "modal_app": "deep-finance-train-deeplob",
  "arch": "DeepLOB",
  "dataset": "FI-2010",
  "setup": 2,
  "k": 10,
  "n_classes": 3,
  "data_range": {
    "train_days": [
      0
    ],
    "test_days": [
      8,
      9,
      10
    ]
  },
  "hyperparameters": {
    "lookback": 100,
    "batch_size": 64,
    "lr": 0.001,
    "epochs_trained": 53,
    "patience": 10,
    "min_delta": 0.001
  },
  "final_metrics": {
    "val_loss": 0.613713392510486,
    "test_accuracy": 0.8300655471717078,
    "test_precision_macro": 0.7931392897445105,
    "test_recall_macro": 0.6589408485092041,
    "test_f1_macro": 0.7069515336348116,
    "confusion_matrix": [
      [
        10714,
        9099,
        1241
      ],
      [
        1856,
        94974,
        1703
      ],
      [
        1474,
        8297,
        9931
      ]
    ]
  },
  "git_commit": ""
}