{
  "trained_on": "2026-05-18",
  "trained_with": "Modal T4 (image im-OEdJLDNYyL5xvikxTpJ5Sq)",
  "torch_version": "2.12.0+cu130",
  "modal_app": "deep-finance-train-deeplob",
  "arch": "MLP",
  "dataset": "FI-2010",
  "setup": 2,
  "k": 10,
  "n_classes": 3,
  "data_range": {
    "train_days": [
      0
    ],
    "test_days": [
      8,
      9,
      10
    ]
  },
  "hyperparameters": {
    "lookback": 100,
    "batch_size": 64,
    "lr": 0.001,
    "epochs_trained": 11,
    "patience": 10,
    "min_delta": 0.001
  },
  "final_metrics": {
    "val_loss": 1.1484423351647266,
    "test_accuracy": 0.3279225208020734,
    "test_precision_macro": 0.49784080542113385,
    "test_recall_macro": 0.36024263402880363,
    "test_f1_macro": 0.23395667953806817,
    "confusion_matrix": [
      [
        16428,
        4623,
        3
      ],
      [
        69325,
        29159,
        49
      ],
      [
        11324,
        8289,
        89
      ]
    ]
  },
  "git_commit": ""
}